{
  "22-36308905-C-T": 0.006875266896490092,
  "22-36398383-A-G": 0.009375077838044824,
  "22-36348715-C-G": 0.003142085654293695,
  "22-36195752-A-G": 0.008825282917714289,
  "22-36343466-C-T": 0.00454278649892266,
  "1-156110628-C-G": 0.009213049053667334,
  "1-156103893-T-A": 0.006970568528832216,
  "1-156138895-C-A": 0.002210204761540415,
  "1-156193004-T-A": 0.0019733976315203174,
  "1-156130038-C-T": 0.007520079583166998,
  "1-55062983-C-A": 0.002157344302153464,
  "1-55018057-T-A": 0.009649040008449607,
  "1-55048193-C-G": 0.00015189384387126362,
  "1-55084791-C-G": 0.00014276560575241992,
  "1-55098423-T-A": 0.008302122566864429,
  "1-236706518-T-G": 0.005746339910687378,
  "1-236731385-G-C": 0.00986048647139173,
  "1-236715169-T-C": 0.009103840256441351,
  "1-236727720-T-A": 0.0035881384942952023,
  "1-236725637-T-A": 0.004287481525088649,
  "2-21035453-G-T": 0.00682415223297818,
  "2-21056997-G-C": 0.005239898177254228,
  "2-21073655-A-G": 0.0043594259355297675,
  "2-21022374-G-T": 0.0027029349186372333,
  "2-21035827-A-C": 0.007928492375486264,
  "2-178544846-C-A": 0.009827629010073646,
  "2-178566670-G-A": 0.0002892195005720763,
  "2-178541014-T-C": 0.005317285748872566,
  "2-178526782-A-G": 0.005000630692108333,
  "2-178569773-C-A": 0.007900546399132208,
  "3-46851237-C-G": 0.0033650279193285873,
  "3-46875307-C-T": 0.006380070190710409,
  "3-46853551-A-T": 0.0034969462111445245,
  "3-46883307-G-C": 0.003411051115023106,
  "3-46897013-G-A": 0.0049361314757727015,
  "22-36191400-A-C": 0.00012
}